{"valueType":"nodes","values":[{"name":"heymp","updatedAt":"2018-02-24T14:08:24.000Z","_typeName":"User","id":"cje1fxpwg004h0111o11fujfq","createdAt":"2018-02-24T14:08:24.000Z"},{"name":"heymp","updatedAt":"2018-02-24T14:14:17.000Z","_typeName":"User","id":"cje1g5awg006b0111emh7bt4m","createdAt":"2018-02-24T14:14:17.000Z"},{"name":"heymp","updatedAt":"2018-02-24T14:14:19.000Z","_typeName":"User","id":"cje1g5cdm006e0111iwd5d5d6","createdAt":"2018-02-24T14:14:19.000Z"},{"body":"/assets/scenes/livingroom_1/index.html","updatedAt":"2018-03-17T03:26:52.000Z","_typeName":"Scene","image":"assets/images/thumb_livingroom1.png","id":"cje1m8hiu008m0116ff8xsdgo","createdAt":"2018-02-24T17:04:44.000Z","title":"Living Room 1"},{"body":"/assets/scenes/livingroom_3/index.html","updatedAt":"2018-03-17T03:27:44.000Z","_typeName":"Scene","image":"assets/images/thumb_livingroom3.png","id":"cje1m8il6008s01160li4u63i","createdAt":"2018-02-24T17:04:45.000Z","title":"Living Room 3"},{"body":"/assets/scenes/basement_1/index.html","updatedAt":"2018-03-17T03:29:31.000Z","_typeName":"Scene","image":"assets/images/thumb_basement1.png","id":"cje4auf0b00lx0116o6hh3bho","createdAt":"2018-02-26T14:09:10.000Z","title":"Basement 1"},{"body":"/assets/scenes/basement_2/index.html","updatedAt":"2018-03-17T03:29:39.000Z","_typeName":"Scene","image":"assets/images/thumb_basement2.png","id":"cje4b50b300mg01164ox2az3z","createdAt":"2018-02-26T14:17:24.000Z","title":"Basement 2"},{"body":"/assets/objects/pillow/index.html","updatedAt":"2018-03-01T03:27:08.000Z","_typeName":"Object","image":"https://target.scene7.com/is/image/Target/13969717?wid=520&hei=520&fmt=pjpeg","info":"Victim's blood found on pillow.  DNA from unknown male found on pillow.  Hair samples have been taken.","id":"cje6ibrh9001j0101xp6s9psl","createdAt":"2018-02-28T03:14:09.000Z","title":"pillow"},{"body":"/assets/objects/skull/index.html","updatedAt":"2018-03-01T14:32:24.000Z","_typeName":"Object","info":"\n<p>Humand skull found on book shelf in living room. No visible signs of DNA.</p>\n<p>Neighbor said that she \"was always freaked out by the skull\".<p> ","id":"cje78ma9s00cs0101154amasu","createdAt":"2018-02-28T15:30:10.000Z","title":"skull"},{"body":"/assets/objects/plate/index.html","updatedAt":"2018-03-01T03:25:31.000Z","_typeName":"Object","info":"Victim's blood found on plate.","id":"cje7xzqlf007w0100uuzgz4td","createdAt":"2018-03-01T03:20:28.000Z","title":"plate"}]}