{"valueType":"relations","values":[[{"_typeName":"Object","id":"cje63l5is00660101zxjwyslu","fieldName":"scenes"},{"_typeName":"Scene","id":"cje1m8hiu008m0116ff8xsdgo","fieldName":"objects"}],[{"_typeName":"Object","id":"cje6ibrh9001j0101xp6s9psl","fieldName":"scenes"},{"_typeName":"Scene","id":"cje1m8hiu008m0116ff8xsdgo","fieldName":"objects"}],[{"_typeName":"Object","id":"cje78ma9s00cs0101154amasu","fieldName":"scenes"},{"_typeName":"Scene","id":"cje1m8hiu008m0116ff8xsdgo","fieldName":"objects"}]]}