{"valueType":"nodes","values":[{"body":"<a-scene><a-circle></a-circle><a-scene>","updatedAt":"2018-02-24T17:04:44.000Z","_typeName":"Scene","image":"https://orig00.deviantart.net/a8e5/f/2012/132/6/e/the_scariest_room_ever___nightmare_house_2__by_wacky_weasel-d4zg3qa.jpg","id":"cje1m8hiu008m0116ff8xsdgo","createdAt":"2018-02-24T17:04:44.000Z","title":"Demo"},{"body":"<a-scene><a-circle></a-circle><a-scene>","updatedAt":"2018-02-24T17:04:45.000Z","_typeName":"Scene","image":"https://orig00.deviantart.net/a8e5/f/2012/132/6/e/the_scariest_room_ever___nightmare_house_2__by_wacky_weasel-d4zg3qa.jpg","id":"cje1m8ihc008p0116w1owi6c2","createdAt":"2018-02-24T17:04:45.000Z","title":"Demo"},{"body":"<a-scene><a-circle></a-circle><a-scene>","updatedAt":"2018-02-24T17:04:45.000Z","_typeName":"Scene","image":"https://orig00.deviantart.net/a8e5/f/2012/132/6/e/the_scariest_room_ever___nightmare_house_2__by_wacky_weasel-d4zg3qa.jpg","id":"cje1m8il6008s01160li4u63i","createdAt":"2018-02-24T17:04:45.000Z","title":"Demo"},{"body":"<a-scene><a-circle></a-circle><a-scene>","updatedAt":"2018-02-24T17:04:45.000Z","_typeName":"Scene","image":"https://orig00.deviantart.net/a8e5/f/2012/132/6/e/the_scariest_room_ever___nightmare_house_2__by_wacky_weasel-d4zg3qa.jpg","id":"cje1m8ip0008v011653bepjbr","createdAt":"2018-02-24T17:04:45.000Z","title":"Demo"},{"body":"<a-scene><a-circle></a-circle><a-scene>","updatedAt":"2018-02-24T17:04:45.000Z","_typeName":"Scene","image":"https://orig00.deviantart.net/a8e5/f/2012/132/6/e/the_scariest_room_ever___nightmare_house_2__by_wacky_weasel-d4zg3qa.jpg","id":"cje1m8itn008y01166j1yd795","createdAt":"2018-02-24T17:04:45.000Z","title":"Demo"},{"body":"<a-scene><a-circle></a-circle><a-scene>","updatedAt":"2018-02-24T17:04:46.000Z","_typeName":"Scene","image":"https://orig00.deviantart.net/a8e5/f/2012/132/6/e/the_scariest_room_ever___nightmare_house_2__by_wacky_weasel-d4zg3qa.jpg","id":"cje1m8ixz00910116t9cn1z4a","createdAt":"2018-02-24T17:04:46.000Z","title":"Demo"},{"body":"<a-scene><a-circle></a-circle><a-scene>","updatedAt":"2018-02-24T17:04:46.000Z","_typeName":"Scene","image":"https://orig00.deviantart.net/a8e5/f/2012/132/6/e/the_scariest_room_ever___nightmare_house_2__by_wacky_weasel-d4zg3qa.jpg","id":"cje1m8j2c00940116jlxfyy8s","createdAt":"2018-02-24T17:04:46.000Z","title":"Demo"},{"body":"<a-scene><a-circle></a-circle><a-scene>","updatedAt":"2018-02-24T17:04:46.000Z","_typeName":"Scene","image":"https://orig00.deviantart.net/a8e5/f/2012/132/6/e/the_scariest_room_ever___nightmare_house_2__by_wacky_weasel-d4zg3qa.jpg","id":"cje1m8j6o00970116tg00nyrr","createdAt":"2018-02-24T17:04:46.000Z","title":"Demo"},{"name":"heymp","updatedAt":"2018-02-24T14:08:24.000Z","_typeName":"User","id":"cje1fxpwg004h0111o11fujfq","createdAt":"2018-02-24T14:08:24.000Z"},{"name":"heymp","updatedAt":"2018-02-24T14:14:17.000Z","_typeName":"User","id":"cje1g5awg006b0111emh7bt4m","createdAt":"2018-02-24T14:14:17.000Z"},{"name":"heymp","updatedAt":"2018-02-24T14:14:19.000Z","_typeName":"User","id":"cje1g5cdm006e0111iwd5d5d6","createdAt":"2018-02-24T14:14:19.000Z"}]}