{"valueType":"nodes","values":[{"name":"heymp","updatedAt":"2018-02-24T14:08:24.000Z","_typeName":"User","id":"cje1fxpwg004h0111o11fujfq","createdAt":"2018-02-24T14:08:24.000Z"},{"name":"heymp","updatedAt":"2018-02-24T14:14:17.000Z","_typeName":"User","id":"cje1g5awg006b0111emh7bt4m","createdAt":"2018-02-24T14:14:17.000Z"},{"name":"heymp","updatedAt":"2018-02-24T14:14:19.000Z","_typeName":"User","id":"cje1g5cdm006e0111iwd5d5d6","createdAt":"2018-02-24T14:14:19.000Z"},{"body":"/assets/scenes/livingroom_1/index.html","updatedAt":"2018-02-25T20:47:30.000Z","_typeName":"Scene","image":"https://orig00.deviantart.net/a8e5/f/2012/132/6/e/the_scariest_room_ever___nightmare_house_2__by_wacky_weasel-d4zg3qa.jpg","id":"cje1m8hiu008m0116ff8xsdgo","createdAt":"2018-02-24T17:04:44.000Z","title":"Living Room 1"},{"body":"/assets/scenes/livingroom_3/index.html","updatedAt":"2018-02-25T20:47:52.000Z","_typeName":"Scene","image":"https://orig00.deviantart.net/a8e5/f/2012/132/6/e/the_scariest_room_ever___nightmare_house_2__by_wacky_weasel-d4zg3qa.jpg","id":"cje1m8il6008s01160li4u63i","createdAt":"2018-02-24T17:04:45.000Z","title":"Living Room 3"},{"body":"/assets/scenes/basement_1/index.html","updatedAt":"2018-02-26T14:09:10.000Z","_typeName":"Scene","image":"http://worldofescapes.com/uploads/quests/3541/large/attic.jpg","id":"cje4auf0b00lx0116o6hh3bho","createdAt":"2018-02-26T14:09:10.000Z","title":"Basement 1"},{"body":"/assets/scenes/basement_2/index.html","updatedAt":"2018-02-26T14:17:24.000Z","_typeName":"Scene","image":"http://worldofescapes.com/uploads/quests/3541/large/attic.jpg","id":"cje4b50b300mg01164ox2az3z","createdAt":"2018-02-26T14:17:24.000Z","title":"Basement 2"},{"body":"/assets/objects/cellphone/index.html","updatedAt":"2018-02-28T04:18:15.000Z","_typeName":"Object","image":"https://images-na.ssl-images-amazon.com/images/I/5126u6Mwp6L._SL500_AC_SS350_.jpg","info":"Object was found in the linving room</br> Orginally found with 8% batter life.</br> Prints dusted with only victims right palm print and unkown left thumbprint.</br>","id":"cje63l5is00660101zxjwyslu","createdAt":"2018-02-27T20:21:33.000Z","title":"plate"},{"body":"/assets/objects/pillow/index.html","updatedAt":"2018-02-28T03:58:47.000Z","_typeName":"Object","image":"https://target.scene7.com/is/image/Target/13969717?wid=520&hei=520&fmt=pjpeg","id":"cje6ibrh9001j0101xp6s9psl","createdAt":"2018-02-28T03:14:09.000Z","title":"pillow"},{"body":"/assets/objects/skull/index.html","updatedAt":"2018-02-28T15:30:10.000Z","_typeName":"Object","id":"cje78ma9s00cs0101154amasu","createdAt":"2018-02-28T15:30:10.000Z","title":"skull"}]}